On,fid,density,apd,acpd,coverage,aog,mms,wpd
real,93.69677526379161,1.032,23.7981151100644,21.441646918763823,0.98,1.0,12.530410305534321,23.012535179557094
generated,249.5779062987253,1.906,6.814181886375063,6.510451894988824,0.32,0.72,14.13292527640991,6.903060852828507
